month_label,max_temp,rainfall
2019-09,17.473333333333336,38.4
2019-10,21.570967741935487,33.2
2019-11,22.386666666666667,49.6
2019-12,26.416129032258063,7.800000000000001
2020-01,27.812903225806455,100.0
2020-02,24.92413793103448,56.6
2020-03,22.92258064516129,89.8
